Timestamp,UTC,Callsign,Position,Altitude,Speed,Direction
1666093489,2022-10-18T11:44:49Z,LOT3965,"52.17675,20.966211",0,0,239
1666093535,2022-10-18T11:45:35Z,LOT3965,"52.176842,20.966415",0,3,261
1666093545,2022-10-18T11:45:45Z,LOT3965,"52.176876,20.966623",0,3,278
1666093554,2022-10-18T11:45:54Z,LOT3965,"52.176865,20.966839",0,3,300
1666093564,2022-10-18T11:46:04Z,LOT3965,"52.176796,20.967054",0,3,317
1666093583,2022-10-18T11:46:23Z,LOT3965,"52.176601,20.967293",0,3,329
1666093601,2022-10-18T11:46:41Z,LOT3965,"52.176384,20.967503",0,3,329
1666093621,2022-10-18T11:47:01Z,LOT3965,"52.176189,20.967712",0,3,281
1666093632,2022-10-18T11:47:12Z,LOT3965,"52.176155,20.967937",0,3,255
1666093645,2022-10-18T11:47:25Z,LOT3965,"52.176201,20.96817",0,2,244
1666093742,2022-10-18T11:49:02Z,LOT3965,"52.176086,20.967922",0,8,236
1666093748,2022-10-18T11:49:08Z,LOT3965,"52.175949,20.96756",0,10,236
1666093753,2022-10-18T11:49:13Z,LOT3965,"52.175808,20.967152",0,11,239
1666093759,2022-10-18T11:49:19Z,LOT3965,"52.175629,20.966682",0,12,236
1666093768,2022-10-18T11:49:28Z,LOT3965,"52.175388,20.966015",0,12,236
1666093773,2022-10-18T11:49:33Z,LOT3965,"52.175259,20.965719",0,12,230
1666093776,2022-10-18T11:49:36Z,LOT3965,"52.175083,20.965445",0,12,222
1666093780,2022-10-18T11:49:40Z,LOT3965,"52.174934,20.96517",0,12,227
1666093786,2022-10-18T11:49:46Z,LOT3965,"52.17477,20.96468",0,12,241
1666093790,2022-10-18T11:49:50Z,LOT3965,"52.174667,20.964367",0,11,241
1666093794,2022-10-18T11:49:54Z,LOT3965,"52.174599,20.964146",0,11,239
1666093798,2022-10-18T11:49:58Z,LOT3965,"52.17448,20.963877",0,10,233
1666093806,2022-10-18T11:50:06Z,LOT3965,"52.174129,20.963797",0,11,168
1666093811,2022-10-18T11:50:11Z,LOT3965,"52.173878,20.964031",0,12,149
1666093816,2022-10-18T11:50:16Z,LOT3965,"52.173637,20.964241",0,14,149
1666093820,2022-10-18T11:50:20Z,LOT3965,"52.173386,20.964464",0,15,149
1666093824,2022-10-18T11:50:24Z,LOT3965,"52.1731,20.964699",0,16,149
1666093832,2022-10-18T11:50:32Z,LOT3965,"52.172585,20.965157",0,17,151
1666093839,2022-10-18T11:50:39Z,LOT3965,"52.172058,20.965603",0,17,149
1666093846,2022-10-18T11:50:46Z,LOT3965,"52.171524,20.966093",0,18,151
1666093852,2022-10-18T11:50:52Z,LOT3965,"52.171059,20.966486",0,19,151
1666093858,2022-10-18T11:50:58Z,LOT3965,"52.170559,20.966917",0,19,151
1666093864,2022-10-18T11:51:04Z,LOT3965,"52.170094,20.967329",0,19,149
1666093871,2022-10-18T11:51:11Z,LOT3965,"52.169567,20.9678",0,19,151
1666093877,2022-10-18T11:51:17Z,LOT3965,"52.169079,20.968231",0,18,151
1666093882,2022-10-18T11:51:22Z,LOT3965,"52.168705,20.968552",0,18,151
1666093888,2022-10-18T11:51:28Z,LOT3965,"52.168224,20.968971",0,17,151
1666093895,2022-10-18T11:51:35Z,LOT3965,"52.167801,20.969349",0,17,151
1666093901,2022-10-18T11:51:41Z,LOT3965,"52.167309,20.969791",0,16,149
1666093906,2022-10-18T11:51:46Z,LOT3965,"52.167,20.970078",0,16,146
1666093911,2022-10-18T11:51:51Z,LOT3965,"52.166725,20.970497",0,16,132
1666093913,2022-10-18T11:51:53Z,LOT3965,"52.166611,20.970726",0,15,126
1666093917,2022-10-18T11:51:57Z,LOT3965,"52.166496,20.971096",0,15,118
1666093919,2022-10-18T11:51:59Z,LOT3965,"52.166428,20.971298",0,15,115
1666093921,2022-10-18T11:52:01Z,LOT3965,"52.166378,20.971508",0,15,112
1666093923,2022-10-18T11:52:03Z,LOT3965,"52.166313,20.971718",0,15,115
1666093925,2022-10-18T11:52:05Z,LOT3965,"52.166233,20.971985",0,15,115
1666093928,2022-10-18T11:52:08Z,LOT3965,"52.166176,20.972195",0,15,115
1666093930,2022-10-18T11:52:10Z,LOT3965,"52.166119,20.972404",0,15,115
1666093932,2022-10-18T11:52:12Z,LOT3965,"52.166061,20.972614",0,14,112
1666093937,2022-10-18T11:52:17Z,LOT3965,"52.165924,20.973097",0,13,115
1666093944,2022-10-18T11:52:24Z,LOT3965,"52.165741,20.973724",0,15,115
1666093950,2022-10-18T11:52:30Z,LOT3965,"52.165531,20.974489",0,17,115
1666093957,2022-10-18T11:52:37Z,LOT3965,"52.16531,20.975275",0,18,115
1666093962,2022-10-18T11:52:42Z,LOT3965,"52.1651,20.976019",0,19,115
1666093969,2022-10-18T11:52:49Z,LOT3965,"52.164833,20.97698",0,21,115
1666093975,2022-10-18T11:52:55Z,LOT3965,"52.164589,20.977844",0,21,115
1666093981,2022-10-18T11:53:01Z,LOT3965,"52.164333,20.978737",0,20,115
1666093987,2022-10-18T11:53:07Z,LOT3965,"52.164127,20.979462",0,18,115
1666093993,2022-10-18T11:53:13Z,LOT3965,"52.163914,20.980238",0,16,115
1666093998,2022-10-18T11:53:18Z,LOT3965,"52.16375,20.980816",0,15,115
1666094005,2022-10-18T11:53:25Z,LOT3965,"52.163555,20.981522",0,14,115
1666094011,2022-10-18T11:53:31Z,LOT3965,"52.163387,20.982101",0,15,115
1666094017,2022-10-18T11:53:37Z,LOT3965,"52.163216,20.982691",0,14,115
1666094023,2022-10-18T11:53:43Z,LOT3965,"52.163074,20.983219",0,13,115
1666094029,2022-10-18T11:53:49Z,LOT3965,"52.162922,20.983749",0,13,115
1666094036,2022-10-18T11:53:56Z,LOT3965,"52.16275,20.984358",0,12,118
1666094040,2022-10-18T11:54:00Z,LOT3965,"52.162586,20.984592",0,12,143
1666094044,2022-10-18T11:54:04Z,LOT3965,"52.162365,20.984669",0,12,171
1666094049,2022-10-18T11:54:09Z,LOT3965,"52.162075,20.984554",0,13,196
1666094053,2022-10-18T11:54:13Z,LOT3965,"52.161861,20.984402",0,11,205
1666094059,2022-10-18T11:54:19Z,LOT3965,"52.161594,20.984201",0,12,205
1666094063,2022-10-18T11:54:23Z,LOT3965,"52.161362,20.984024",0,14,205
1666094067,2022-10-18T11:54:27Z,LOT3965,"52.161129,20.983847",0,15,205
1666094070,2022-10-18T11:54:30Z,LOT3965,"52.160854,20.983658",0,16,205
1666094077,2022-10-18T11:54:37Z,LOT3965,"52.160385,20.983315",0,17,205
1666094083,2022-10-18T11:54:43Z,LOT3965,"52.159931,20.982965",0,17,205
1666094090,2022-10-18T11:54:50Z,LOT3965,"52.159523,20.98267",0,15,205
1666094095,2022-10-18T11:54:55Z,LOT3965,"52.159153,20.982376",0,15,205
1666094102,2022-10-18T11:55:02Z,LOT3965,"52.158722,20.982061",0,16,205
1666094107,2022-10-18T11:55:07Z,LOT3965,"52.158314,20.981768",0,15,205
1666094114,2022-10-18T11:55:14Z,LOT3965,"52.157955,20.981493",0,14,205
1666094120,2022-10-18T11:55:20Z,LOT3965,"52.15757,20.981218",0,13,205
1666094125,2022-10-18T11:55:25Z,LOT3965,"52.157303,20.981022",0,12,205
1666094132,2022-10-18T11:55:32Z,LOT3965,"52.156952,20.980759",0,11,205
1666094139,2022-10-18T11:55:39Z,LOT3965,"52.156654,20.98053",0,12,205
1666094145,2022-10-18T11:55:45Z,LOT3965,"52.156349,20.980316",0,12,205
1666094150,2022-10-18T11:55:50Z,LOT3965,"52.156078,20.980101",0,11,205
1666094154,2022-10-18T11:55:54Z,LOT3965,"52.155933,20.9799",0,11,222
1666094158,2022-10-18T11:55:58Z,LOT3965,"52.15583,20.979671",0,10,233
1666094162,2022-10-18T11:56:02Z,LOT3965,"52.155754,20.979433",0,8,241
1666094166,2022-10-18T11:56:06Z,LOT3965,"52.15567,20.979176",0,8,241
1666094170,2022-10-18T11:56:10Z,LOT3965,"52.155602,20.978962",0,7,241
1666094176,2022-10-18T11:56:16Z,LOT3965,"52.155521,20.978727",0,6,241
1666094182,2022-10-18T11:56:22Z,LOT3965,"52.155441,20.97847",0,5,241
1666094192,2022-10-18T11:56:32Z,LOT3965,"52.155369,20.978256",0,2,241
1666094252,2022-10-18T11:57:32Z,LOT3965,"52.155277,20.978001",0,7,241
1666094258,2022-10-18T11:57:38Z,LOT3965,"52.155155,20.977631",0,10,241
1666094264,2022-10-18T11:57:44Z,LOT3965,"52.15501,20.977177",0,9,241
1666094268,2022-10-18T11:57:48Z,LOT3965,"52.154964,20.976942",0,8,253
1666094272,2022-10-18T11:57:52Z,LOT3965,"52.154984,20.976715",0,7,275
1666094277,2022-10-18T11:57:57Z,LOT3965,"52.155056,20.976511",0,6,295
1666094291,2022-10-18T11:58:11Z,LOT3965,"52.155304,20.976276",0,3,331
1666094312,2022-10-18T11:58:32Z,LOT3965,"52.15551,20.976078",0,1,329
1666094319,2022-10-18T11:58:39Z,LOT3965,"52.155785,20.975838",0,21,329
1666094325,2022-10-18T11:58:45Z,LOT3965,"52.156975,20.974783",0,60,331
1666094333,2022-10-18T11:58:53Z,LOT3965,"52.160156,20.971985",150,104,331
1666094338,2022-10-18T11:58:58Z,LOT3965,"52.162575,20.969919",125,128,331
1666094346,2022-10-18T11:59:06Z,LOT3965,"52.167068,20.966034",400,139,331
1666094353,2022-10-18T11:59:13Z,LOT3965,"52.17041,20.963058",750,140,331
1666094359,2022-10-18T11:59:19Z,LOT3965,"52.17453,20.95932",1075,139,330
1666094365,2022-10-18T11:59:25Z,LOT3965,"52.17746,20.95665",1400,140,330
1666094373,2022-10-18T11:59:33Z,LOT3965,"52.182358,20.952026",1675,118,329
1666094379,2022-10-18T11:59:39Z,LOT3965,"52.186523,20.948029",1800,167,329
1666094387,2022-10-18T11:59:47Z,LOT3965,"52.191742,20.942917",1925,185,328
1666094393,2022-10-18T11:59:53Z,LOT3965,"52.19693,20.937822",2125,193,329
1666094399,2022-10-18T11:59:59Z,LOT3965,"52.20126,20.933821",2475,190,330
1666094405,2022-10-18T12:00:05Z,LOT3965,"52.206024,20.929489",2950,183,331
1666094410,2022-10-18T12:00:10Z,LOT3965,"52.209412,20.926514",3250,182,331
1666094416,2022-10-18T12:00:16Z,LOT3965,"52.214386,20.922049",3525,184,331
1666094423,2022-10-18T12:00:23Z,LOT3965,"52.218887,20.917892",3850,184,328
1666094426,2022-10-18T12:00:26Z,LOT3965,"52.220901,20.915527",4000,184,322
1666094429,2022-10-18T12:00:29Z,LOT3965,"52.222778,20.912781",4175,182,315
1666094431,2022-10-18T12:00:31Z,LOT3965,"52.224197,20.910263",4275,182,310
1666094433,2022-10-18T12:00:33Z,LOT3965,"52.225204,20.907898",4375,180,305
1666094437,2022-10-18T12:00:37Z,LOT3965,"52.226807,20.902557",4600,178,291
1666094441,2022-10-18T12:00:41Z,LOT3965,"52.227562,20.898193",4800,146,283
1666094447,2022-10-18T12:00:47Z,LOT3965,"52.227654,20.889797",5150,174,263
1666094450,2022-10-18T12:00:50Z,LOT3965,"52.227173,20.886002",5300,174,254
1666094453,2022-10-18T12:00:53Z,LOT3965,"52.226349,20.882416",5475,174,246
1666094456,2022-10-18T12:00:56Z,LOT3965,"52.225002,20.878496",5625,175,237
1666094459,2022-10-18T12:00:59Z,LOT3965,"52.223465,20.875357",5775,176,229
1666094462,2022-10-18T12:01:02Z,LOT3965,"52.221695,20.87261",5925,177,221
1666094466,2022-10-18T12:01:06Z,LOT3965,"52.219986,20.87059",6075,178,216
1666094468,2022-10-18T12:01:08Z,LOT3965,"52.217552,20.868216",6250,180,208
1666094472,2022-10-18T12:01:12Z,LOT3965,"52.215225,20.866394",6400,181,203
1666094475,2022-10-18T12:01:15Z,LOT3965,"52.212898,20.865",6575,182,199
1666094478,2022-10-18T12:01:18Z,LOT3965,"52.21051,20.863876",6725,183,195
1666094481,2022-10-18T12:01:21Z,LOT3965,"52.207993,20.863037",6900,184,191
1666094484,2022-10-18T12:01:24Z,LOT3965,"52.205292,20.86235",7025,186,187
1666094487,2022-10-18T12:01:27Z,LOT3965,"52.20256,20.861938",7175,188,187
1666094490,2022-10-18T12:01:30Z,LOT3965,"52.199909,20.86186",7300,191,181
1666094493,2022-10-18T12:01:33Z,LOT3965,"52.197968,20.861969",7400,194,177
1666094496,2022-10-18T12:01:36Z,LOT3965,"52.194603,20.862488",7550,196,173
1666094499,2022-10-18T12:01:39Z,LOT3965,"52.1922,20.863037",7700,198,171
1666094502,2022-10-18T12:01:42Z,LOT3965,"52.189041,20.864029",7850,198,171
1666094504,2022-10-18T12:01:44Z,LOT3965,"52.186707,20.865021",7975,200,166
1666094505,2022-10-18T12:01:45Z,LOT3965,"52.186249,20.86525",8000,201,165
1666094507,2022-10-18T12:01:47Z,LOT3965,"52.184128,20.866255",8100,202,163
1666094509,2022-10-18T12:01:49Z,LOT3965,"52.183243,20.866726",8175,203,161
1666094513,2022-10-18T12:01:53Z,LOT3965,"52.179062,20.869217",8425,203,158
1666094516,2022-10-18T12:01:56Z,LOT3965,"52.177193,20.870493",8575,203,157
1666094519,2022-10-18T12:01:59Z,LOT3965,"52.174667,20.872345",8750,203,155
1666094522,2022-10-18T12:02:02Z,LOT3965,"52.171417,20.874887",8925,204,153
1666094524,2022-10-18T12:02:04Z,LOT3965,"52.169697,20.876299",9000,204,153
1666094527,2022-10-18T12:02:07Z,LOT3965,"52.167068,20.878525",9150,206,152
1666094530,2022-10-18T12:02:10Z,LOT3965,"52.164551,20.880737",9300,206,151
1666094533,2022-10-18T12:02:13Z,LOT3965,"52.162853,20.882341",9475,206,150
1666094536,2022-10-18T12:02:16Z,LOT3965,"52.160107,20.884853",9600,206,150
1666094539,2022-10-18T12:02:19Z,LOT3965,"52.157547,20.887375",9750,206,149
1666094542,2022-10-18T12:02:22Z,LOT3965,"52.154613,20.890268",9900,208,148
1666094555,2022-10-18T12:02:35Z,LOT3965,"52.144138,20.901018",10500,209,147
1666094568,2022-10-18T12:02:48Z,LOT3965,"52.133759,20.912004",11075,211,146
1666094580,2022-10-18T12:03:00Z,LOT3965,"52.123844,20.92252",11550,215,146
1666094592,2022-10-18T12:03:12Z,LOT3965,"52.114197,20.932846",12000,220,146
1666094625,2022-10-18T12:03:45Z,LOT3965,"52.087254,20.961365",13275,226,147
1666094658,2022-10-18T12:04:18Z,LOT3965,"52.054947,20.994558",14075,251,148
1666094691,2022-10-18T12:04:51Z,LOT3965,"52.020123,21.029402",14750,278,147
1666094722,2022-10-18T12:05:22Z,LOT3965,"51.985428,21.064682",15500,289,147
1666094755,2022-10-18T12:05:55Z,LOT3965,"51.948246,21.103088",16375,292,147
1666094788,2022-10-18T12:06:28Z,LOT3965,"51.910168,21.141775",16975,306,148
1666094821,2022-10-18T12:07:01Z,LOT3965,"51.868458,21.183777",17000,331,147
1666094854,2022-10-18T12:07:34Z,LOT3965,"51.823929,21.230188",17000,350,146
1666094884,2022-10-18T12:08:04Z,LOT3965,"51.782547,21.274578",17000,358,146
1666094918,2022-10-18T12:08:38Z,LOT3965,"51.735672,21.321198",17000,357,148
1666094950,2022-10-18T12:09:10Z,LOT3965,"51.691326,21.366272",17000,356,147
1666094983,2022-10-18T12:09:43Z,LOT3965,"51.645378,21.413193",17000,355,147
1666095016,2022-10-18T12:10:16Z,LOT3965,"51.599197,21.459961",17000,354,147
1666095048,2022-10-18T12:10:48Z,LOT3965,"51.554184,21.505814",17000,353,147
1666095081,2022-10-18T12:11:21Z,LOT3965,"51.50856,21.551514",17000,354,147
1666095115,2022-10-18T12:11:55Z,LOT3965,"51.462845,21.597563",17000,354,147
1666095148,2022-10-18T12:12:28Z,LOT3965,"51.416061,21.644403",17000,354,147
1666095181,2022-10-18T12:13:01Z,LOT3965,"51.370743,21.689907",17000,352,147
1666095212,2022-10-18T12:13:32Z,LOT3965,"51.328583,21.731922",17000,352,148
1666095245,2022-10-18T12:14:05Z,LOT3965,"51.282784,21.777573",17000,352,148
1666095278,2022-10-18T12:14:38Z,LOT3965,"51.237301,21.821136",16500,350,148
1666095311,2022-10-18T12:15:11Z,LOT3965,"51.192612,21.864243",15825,336,148
1666095323,2022-10-18T12:15:23Z,LOT3965,"51.177567,21.8815",15525,338,137
1666095326,2022-10-18T12:15:26Z,LOT3965,"51.174408,21.886597",15450,340,133
1666095329,2022-10-18T12:15:29Z,LOT3965,"51.1707,21.893303",15375,342,129
1666095332,2022-10-18T12:15:32Z,LOT3965,"51.168217,21.898651",15325,342,127
1666095335,2022-10-18T12:15:35Z,LOT3965,"51.166451,21.902847",15250,344,123
1666095338,2022-10-18T12:15:38Z,LOT3965,"51.163193,21.912008",15150,346,117
1666095341,2022-10-18T12:15:41Z,LOT3965,"51.161655,21.917191",15075,346,113
1666095344,2022-10-18T12:15:44Z,LOT3965,"51.159744,21.924744",15000,347,109
1666095347,2022-10-18T12:15:47Z,LOT3965,"51.158257,21.932297",14950,347,107
1666095350,2022-10-18T12:15:50Z,LOT3965,"51.15715,21.939697",14850,350,101
1666095353,2022-10-18T12:15:53Z,LOT3965,"51.156254,21.948471",14775,352,97
1666095356,2022-10-18T12:15:56Z,LOT3965,"51.15588,21.956177",14725,352,93
1666095359,2022-10-18T12:15:59Z,LOT3965,"51.155777,21.963823",14650,352,90
1666095362,2022-10-18T12:16:02Z,LOT3965,"51.155914,21.971542",14575,352,87
1666095365,2022-10-18T12:16:05Z,LOT3965,"51.156254,21.979675",14525,352,85
1666095368,2022-10-18T12:16:08Z,LOT3965,"51.156738,21.98728",14450,352,83
1666095371,2022-10-18T12:16:11Z,LOT3965,"51.157379,21.994778",14375,352,82
1666095374,2022-10-18T12:16:14Z,LOT3965,"51.15807,22.002563",14300,353,81
1666095377,2022-10-18T12:16:17Z,LOT3965,"51.159,22.011337",14225,353,80
1666095380,2022-10-18T12:16:20Z,LOT3965,"51.159714,22.017567",14150,356,79
1666095383,2022-10-18T12:16:23Z,LOT3965,"51.160767,22.02603",14075,356,78
1666095386,2022-10-18T12:16:26Z,LOT3965,"51.161774,22.033972",14000,356,78
1666095389,2022-10-18T12:16:29Z,LOT3965,"51.162872,22.041914",13925,357,77
1666095420,2022-10-18T12:17:00Z,LOT3965,"51.174038,22.12204",13125,354,77
1666095450,2022-10-18T12:17:30Z,LOT3965,"51.18457,22.197653",12300,344,76
1666095484,2022-10-18T12:18:04Z,LOT3965,"51.196014,22.280199",11400,338,78
1666095496,2022-10-18T12:18:16Z,LOT3965,"51.19978,22.309418",11075,335,78
1666095508,2022-10-18T12:18:28Z,LOT3965,"51.203457,22.337875",10750,334,78
1666095520,2022-10-18T12:18:40Z,LOT3965,"51.207367,22.367249",10425,334,78
1666095532,2022-10-18T12:18:52Z,LOT3965,"51.211514,22.396698",10075,334,74
1666095538,2022-10-18T12:18:58Z,LOT3965,"51.214493,22.409821",9900,330,66
1666095541,2022-10-18T12:19:01Z,LOT3965,"51.216446,22.416382",9825,326,63
1666095544,2022-10-18T12:19:04Z,LOT3965,"51.218727,22.422867",9725,324,59
1666095547,2022-10-18T12:19:07Z,LOT3965,"51.2211,22.428818",9675,320,57
1666095550,2022-10-18T12:19:10Z,LOT3965,"51.223846,22.435122",9600,317,54
1666095553,2022-10-18T12:19:13Z,LOT3965,"51.226734,22.441101",9500,314,51
1666095556,2022-10-18T12:19:16Z,LOT3965,"51.229431,22.446405",9425,312,50
1666095559,2022-10-18T12:19:19Z,LOT3965,"51.232182,22.451477",9350,310,49
1666095562,2022-10-18T12:19:22Z,LOT3965,"51.234928,22.456436",9275,308,48
1666095565,2022-10-18T12:19:25Z,LOT3965,"51.237946,22.461697",9175,307,47
1666095568,2022-10-18T12:19:28Z,LOT3965,"51.240791,22.466507",9075,305,46
1666095571,2022-10-18T12:19:31Z,LOT3965,"51.243896,22.471643",9000,304,46
1666095574,2022-10-18T12:19:34Z,LOT3965,"51.246845,22.476501",8900,303,45
1666095586,2022-10-18T12:19:46Z,LOT3965,"51.258671,22.495117",8575,302,44
1666095599,2022-10-18T12:19:59Z,LOT3965,"51.270996,22.513361",8250,298,42
1666095611,2022-10-18T12:20:11Z,LOT3965,"51.283249,22.530899",7925,296,41
1666095623,2022-10-18T12:20:23Z,LOT3965,"51.295166,22.548845",7600,292,46
1666095629,2022-10-18T12:20:29Z,LOT3965,"51.300156,22.559237",7425,291,56
1666095632,2022-10-18T12:20:32Z,LOT3965,"51.302383,22.56546",7350,288,62
1666095635,2022-10-18T12:20:35Z,LOT3965,"51.303825,22.570267",7300,287,65
1666095638,2022-10-18T12:20:38Z,LOT3965,"51.305374,22.576385",7250,285,68
1666095641,2022-10-18T12:20:41Z,LOT3965,"51.306664,22.582855",7175,282,72
1666095644,2022-10-18T12:20:44Z,LOT3965,"51.307755,22.588707",7150,279,74
1666095647,2022-10-18T12:20:47Z,LOT3965,"51.308758,22.59491",7075,276,76
1666095650,2022-10-18T12:20:50Z,LOT3965,"51.309364,22.599335",7025,277,77
1666095653,2022-10-18T12:20:53Z,LOT3965,"51.310364,22.606598",6975,277,77
1666095656,2022-10-18T12:20:56Z,LOT3965,"51.31118,22.612686",6925,278,78
1666095659,2022-10-18T12:20:59Z,LOT3965,"51.312019,22.618942",6850,277,78
1666095662,2022-10-18T12:21:02Z,LOT3965,"51.312698,22.624636",6800,276,78
1666095665,2022-10-18T12:21:05Z,LOT3965,"51.313507,22.631378",6725,276,79
1666095668,2022-10-18T12:21:08Z,LOT3965,"51.314159,22.637177",6675,276,79
1666095680,2022-10-18T12:21:20Z,LOT3965,"51.316582,22.661133",6425,276,81
1666095692,2022-10-18T12:21:32Z,LOT3965,"51.318676,22.685623",6175,278,82
1666095705,2022-10-18T12:21:45Z,LOT3965,"51.320629,22.7108",5950,276,83
1666095716,2022-10-18T12:21:56Z,LOT3965,"51.322495,22.734869",5700,278,82
1666095728,2022-10-18T12:22:08Z,LOT3965,"51.324463,22.759441",5450,278,82
1666095741,2022-10-18T12:22:21Z,LOT3965,"51.326523,22.783789",5200,273,82
1666095753,2022-10-18T12:22:33Z,LOT3965,"51.328312,22.808304",4950,266,83
1666095759,2022-10-18T12:22:39Z,LOT3965,"51.329178,22.820087",4850,263,83
1666095765,2022-10-18T12:22:45Z,LOT3965,"51.330128,22.831497",4775,261,82
1666095771,2022-10-18T12:22:51Z,LOT3965,"51.331104,22.84256",4700,260,81
1666095777,2022-10-18T12:22:57Z,LOT3965,"51.332222,22.854691",4600,256,81
1666095783,2022-10-18T12:23:03Z,LOT3965,"51.333153,22.865219",4525,252,82
1666095789,2022-10-18T12:23:09Z,LOT3965,"51.334038,22.876053",4425,246,82
1666095795,2022-10-18T12:23:15Z,LOT3965,"51.334782,22.8862",4350,240,84
1666095798,2022-10-18T12:23:18Z,LOT3965,"51.334923,22.892532",4275,238,88
1666095800,2022-10-18T12:23:20Z,LOT3965,"51.334873,22.895279",4250,236,91
1666095802,2022-10-18T12:23:22Z,LOT3965,"51.334671,22.898478",4200,235,95
1666095806,2022-10-18T12:23:26Z,LOT3965,"51.333664,22.905807",4100,232,106
1666095809,2022-10-18T12:23:29Z,LOT3965,"51.332611,22.91065",4025,230,110
1666095812,2022-10-18T12:23:32Z,LOT3965,"51.33115,22.915497",3950,229,116
1666095815,2022-10-18T12:23:35Z,LOT3965,"51.329544,22.919708",3875,227,123
1666095818,2022-10-18T12:23:38Z,LOT3965,"51.328125,22.922825",3800,226,126
1666095820,2022-10-18T12:23:40Z,LOT3965,"51.326065,22.92676",3750,225,129
1666095824,2022-10-18T12:23:44Z,LOT3965,"51.32375,22.930679",3675,223,134
1666095827,2022-10-18T12:23:47Z,LOT3965,"51.321468,22.934036",3600,222,137
1666095830,2022-10-18T12:23:50Z,LOT3965,"51.319096,22.937164",3525,222,140
1666095833,2022-10-18T12:23:53Z,LOT3965,"51.316498,22.940195",3425,220,144
1666095836,2022-10-18T12:23:56Z,LOT3965,"51.313694,22.943268",3375,218,146
1666095839,2022-10-18T12:23:59Z,LOT3965,"51.311234,22.945688",3300,218,148
1666095842,2022-10-18T12:24:02Z,LOT3965,"51.30904,22.947617",3250,215,150
1666095845,2022-10-18T12:24:05Z,LOT3965,"51.306244,22.949524",3200,208,160
1666095848,2022-10-18T12:24:08Z,LOT3965,"51.303452,22.950811",3150,204,165
1666095851,2022-10-18T12:24:11Z,LOT3965,"51.300194,22.951508",3100,198,174
1666095854,2022-10-18T12:24:14Z,LOT3965,"51.297447,22.951508",3050,196,180
1666095857,2022-10-18T12:24:17Z,LOT3965,"51.294842,22.950897",3000,192,185
1666095860,2022-10-18T12:24:20Z,LOT3965,"51.292236,22.949697",2975,190,190
1666095864,2022-10-18T12:24:24Z,LOT3965,"51.289532,22.947693",2925,185,206
1666095867,2022-10-18T12:24:27Z,LOT3965,"51.287483,22.945709",2900,185,211
1666095870,2022-10-18T12:24:30Z,LOT3965,"51.28537,22.943314",2875,184,216
1666095873,2022-10-18T12:24:33Z,LOT3965,"51.283447,22.940641",2825,184,221
1666095876,2022-10-18T12:24:36Z,LOT3965,"51.281616,22.937597",2800,183,226
1666095879,2022-10-18T12:24:39Z,LOT3965,"51.280014,22.934553",2750,181,229
1666095882,2022-10-18T12:24:42Z,LOT3965,"51.278549,22.931511",2725,181,233
1666095885,2022-10-18T12:24:45Z,LOT3965,"51.277058,22.927933",2675,182,237
1666095888,2022-10-18T12:24:48Z,LOT3965,"51.275848,22.924728",2625,181,239
1666095891,2022-10-18T12:24:51Z,LOT3965,"51.274448,22.920609",2600,181,242
1666095894,2022-10-18T12:24:54Z,LOT3965,"51.273285,22.916813",2575,181,244
1666095897,2022-10-18T12:24:57Z,LOT3965,"51.272369,22.913546",2525,180,245
1666095900,2022-10-18T12:25:00Z,LOT3965,"51.271378,22.909851",2500,179,247
1666095903,2022-10-18T12:25:03Z,LOT3965,"51.270401,22.905975",2450,180,248
1666095906,2022-10-18T12:25:06Z,LOT3965,"51.269608,22.902679",2425,180,249
1666095909,2022-10-18T12:25:09Z,LOT3965,"51.268723,22.898788",2425,182,249
1666095912,2022-10-18T12:25:12Z,LOT3965,"51.267841,22.894745",2375,180,250
1666095915,2022-10-18T12:25:15Z,LOT3965,"51.267002,22.891006",2375,179,251
1666095918,2022-10-18T12:25:18Z,LOT3965,"51.266281,22.887268",2325,178,253
1666095921,2022-10-18T12:25:21Z,LOT3965,"51.265511,22.883148",2300,177,253
1666095924,2022-10-18T12:25:24Z,LOT3965,"51.264862,22.879475",2250,176,253
1666095928,2022-10-18T12:25:28Z,LOT3965,"51.264084,22.87554",2225,176,252
1666095933,2022-10-18T12:25:33Z,LOT3965,"51.262627,22.8685",2100,173,252
1666095939,2022-10-18T12:25:39Z,LOT3965,"51.2612,22.861065",2025,168,253
1666095946,2022-10-18T12:25:46Z,LOT3965,"51.259972,22.853851",1950,160,255
1666095951,2022-10-18T12:25:51Z,LOT3965,"51.259041,22.847366",1850,151,257
1666095955,2022-10-18T12:25:55Z,LOT3965,"51.258621,22.844162",1800,150,258
1666095957,2022-10-18T12:25:57Z,LOT3965,"51.258205,22.840958",1750,145,258
1666095961,2022-10-18T12:26:01Z,LOT3965,"51.257813,22.837681",1725,142,259
1666095963,2022-10-18T12:26:03Z,LOT3965,"51.257492,22.83486",1675,138,258
1666095967,2022-10-18T12:26:07Z,LOT3965,"51.25708,22.831594",1625,134,258
1666095972,2022-10-18T12:26:12Z,LOT3965,"51.256439,22.826694",1575,126,257
1666095979,2022-10-18T12:26:19Z,LOT3965,"51.255615,22.820831",1500,120,257
1666095985,2022-10-18T12:26:25Z,LOT3965,"51.254929,22.815857",1450,115,258
1666095991,2022-10-18T12:26:31Z,LOT3965,"51.2542,22.810822",1400,115,256
1666095995,2022-10-18T12:26:35Z,LOT3965,"51.253647,22.807245",1375,115,256
1666096004,2022-10-18T12:26:44Z,LOT3965,"51.252525,22.799759",1275,114,256
1666096012,2022-10-18T12:26:52Z,LOT3965,"51.251587,22.793661",1200,115,257
1666096018,2022-10-18T12:26:58Z,LOT3965,"51.250854,22.788689",1125,116,257
1666096024,2022-10-18T12:27:04Z,LOT3965,"51.250168,22.783491",1075,116,258
1666096030,2022-10-18T12:27:10Z,LOT3965,"51.249451,22.77832",1000,116,257
1666096036,2022-10-18T12:27:16Z,LOT3965,"51.248753,22.773285",925,118,257
1666096042,2022-10-18T12:27:22Z,LOT3965,"51.247971,22.767977",875,122,256
1666096048,2022-10-18T12:27:28Z,LOT3965,"51.247147,22.762632",825,124,256
1666096054,2022-10-18T12:27:34Z,LOT3965,"51.246334,22.757034",725,124,257
1666096060,2022-10-18T12:27:40Z,LOT3965,"51.245586,22.751541",675,123,257
1666096066,2022-10-18T12:27:46Z,LOT3965,"51.244843,22.746353",625,123,257
1666096072,2022-10-18T12:27:52Z,LOT3965,"51.244099,22.74086",550,125,257
1666096078,2022-10-18T12:27:58Z,LOT3965,"51.243305,22.735672",475,122,256
1666096084,2022-10-18T12:28:04Z,LOT3965,"51.242561,22.730331",400,119,257
1666096094,2022-10-18T12:28:14Z,LOT3965,"51.241585,22.723389",375,100,256
1666096099,2022-10-18T12:28:19Z,LOT3965,"51.241039,22.71965",0,63,258
1666096105,2022-10-18T12:28:25Z,LOT3965,"51.240734,22.717533",0,44,258
1666096112,2022-10-18T12:28:32Z,LOT3965,"51.240498,22.715847",0,33,258
1666096118,2022-10-18T12:28:38Z,LOT3965,"51.240314,22.714558",0,21,258
1666096121,2022-10-18T12:28:41Z,LOT3965,"51.240246,22.714178",0,17,253
1666096124,2022-10-18T12:28:44Z,LOT3965,"51.240154,22.713919",0,16,236
1666096127,2022-10-18T12:28:47Z,LOT3965,"51.23991,22.713718",0,15,202
1666096130,2022-10-18T12:28:50Z,LOT3965,"51.239708,22.713715",0,15,182
1666096135,2022-10-18T12:28:55Z,LOT3965,"51.239433,22.713806",0,14,168
1666096138,2022-10-18T12:28:58Z,LOT3965,"51.239223,22.71389",0,15,168
1666096142,2022-10-18T12:29:02Z,LOT3965,"51.238953,22.713974",0,15,168
1666096145,2022-10-18T12:29:05Z,LOT3965,"51.23872,22.714062",0,15,168
1666096148,2022-10-18T12:29:08Z,LOT3965,"51.238499,22.714138",0,15,168
1666096155,2022-10-18T12:29:15Z,LOT3965,"51.238083,22.714291",0,13,168
1666096161,2022-10-18T12:29:21Z,LOT3965,"51.237755,22.714424",0,13,168
1666096165,2022-10-18T12:29:25Z,LOT3965,"51.237499,22.714493",0,12,174
1666096170,2022-10-18T12:29:30Z,LOT3965,"51.237244,22.714405",0,11,196
1666096175,2022-10-18T12:29:35Z,LOT3965,"51.237034,22.714252",0,10,208
1666096180,2022-10-18T12:29:40Z,LOT3965,"51.236813,22.714159",0,9,188
1666096187,2022-10-18T12:29:47Z,LOT3965,"51.236549,22.714252",0,7,168
1666096197,2022-10-18T12:29:57Z,LOT3965,"51.236343,22.714344",0,3,168
1666096210,2022-10-18T12:30:10Z,LOT3965,"51.236683,22.714195",0,0,168
